sentences,labels
UE in E-UTRA RRC_IDLE state and after transmitting a RRCConnectionRequest message,0
UE receives a MAC PDU on DL SCH and addressed to its T-CRNTI with value 00000B as LCID,0
UE responds with a RRCConnectionRequest message in a MAC PDU on UL SCH on CCCH indicating LCID 01011,0
UE in E-UTRA RRC_Connected state with DRB [Logical channel ID 3] established,0
UE receives a MAC PDU on DL SCH and addressed to its CRNTI with value 00011B as LCID,0
UE in E-UTRA RRC_CONNECTED state,0
UE in E-UTRA RRC_CONNECTED state,0
UE in E-UTRA RRC_CONNECTED state,0
"UE in E-UTRA RRC_CONNECTED state and transmitted PRACH Preamble, after reception of PDCCH order",0
UE in E-UTRA RRC_IDLE state,0
UE in E-UTRA RRC_IDLE state and has transmitted Msg3,0
UE in E-UTRA RRC_IDLE state and has transmitted Msg3,0
UE in E-UTRA RRC_IDLE state,0
UE in E-UTRA RRC_IDLE state,0
"UE in enhanced coverage transmits a preamble with the number of repetitions required for preamble transmission corresponding to the selected preamble group using the selected PRACH corresponding to the selected CE level, corresponding RA-RNTI, prach-ConfigIndex and preambleInitialReceivedTargetPower indicated in SIB2",0
UE in E-UTRA RRC_IDLE state and has transmitted Msg3,0
UE in E-UTRA RRC_IDLE state and has transmitted Msg3,0
UE in E-UTRA RRC_IDLE state and camp on a cell identified in the high speed train area,0
UE in E-UTRA RRC_IDLE state and has transmitted Msg3 to a cell identified in the high speed train area,0
UE in E-UTRA RRC_IDLE state and has transmitted Msg3 to a cell identified in the high speed train area,0
UE in E-UTRA RRC_IDLE state and camp on a cell identified in the high speed train area,0
The SS pages the UE with a matching identity,0
SS does not answer with a matching Random Access Response within ra-ResponseWindowSize,0
SS transmits Random Access Response and UE send msg3,0
UE in E-UTRA RRC_IDLE state and transmitted PRACH preamble,0
UE in E-UTRA RRC_IDLE state and transmitted PRACH preamble,0
UE in E-UTRA RRC_IDLE state and having initiated a random access procedure,0
UE in E-UTRA RRC_CONNECTED state,0
UE in E-UTRA RRC_CONNECTED state,0
UE in E-UTRA RRC_IDLE state and after transmitting an RRCConnectionRequest message,0
UE in E-UTRA RRC_IDLE state and after transmitting an RRCConnectionRequest message,0
"SS transmits a valid MAC PDU containing RRCConnectionSetup, including 'UE Contention Resolution Identity' MAC control element but with un-matched 'Contention Resolution Identity'",0
UE in E-UTRA RRC_IDLE state and after transmitting an RRCConnectionRequest message,0
UE in E-UTRA RRC_CONNECTED state and after transmitting a RRCConnectionReconfigurationComplete message for a handover without dedicated preamble,0
UE in E-UTRA RRC_CONNECTED state and after transmitting a RRCConnectionReconfigurationComplete message for a handover without dedicated preamble,0
UE in E-UTRA RRC_IDLE state and having initiated a random access procedure,0
SS sends a Random Access Response containing Backoff Indicator and a Random Access Preamble identifier with the same value as received from the UE,0
UE in E-UTRA RRC_IDLE state and having initiated a random access procedure,0
UE in E-UTRA RRC_CONNECTED state having activated SCell with uplink configured,0
UE sends the SR/ack/nack on PUCCH and data on the PUSCH of PCell in parallel with the Preamble transmission on the activated SCell,0
"UE in E-UTRA RRC_CONNECTED state and transmitted PRACH Preamble, after reception of PDCCH order",0
UE in E-UTRA RRC_CONNECTED state,0
UE in E-UTRA RRC_CONNECTED state and completed the Random Access procedure on SCell,0
UE in E-UTRA RRC_CONNECTED state and having initiated a random access procedure on SCell,0
Timing Advance Command MAC control element with the TAG Id associated with the SCell is received and UE has pending data during the period the timeAlignmentTimer for the PCell and timeAlignmentTimerSTAG are running,0
timeAlignmentTimer associated with the pTAG is running and timeAlignmentTimerSTAG associated with the sTAG has expired or is not running,0
timeAlignmentTimer associated with the pTAG expires and timeAlignmentTimerSTAG for the sTAG had not yet expired and UL transmission is required,0
UE supporting of FDD-TDD CA in E-UTRA RRC_CONNECTED state with two different frame structure type SCells in one sTAG,0
The SS transmits Timing Advance Command MAC control element with the TAG Id associated with the sTAG which includes two different frame structure type SCells,0
UE in E-UTRA RRC_CONNECTED state,0
UE receives downlink assignment on the PDCCH with a C-RNTI unknown by the UE and data is available in the associated subframe,0
UE receives a DL assignment addressed to its stored SPS-CRNTI in SF-Num y and with NDI set as 0,0
"UE receives a DL assignment addressed to its SPS-CRNTI in SF-Num p and with NDI set as 0, where p!= y+n*[semiPersistSchedIntervalDL]",0
"UE receives a DL assignment [for retransmission] addressed to its SPS-CRNTI in SF-Num z and with NDI set as 1, where z!= p+n*[semiPersistSchedIntervalDL]",0
UE in E-UTRA RRC_Connected state with DRB established and stored DL SPS assignment to receive MAC PDU at SF-Num y+n*[semiPersistSchedIntervalDL],0
UE receives a RRCConnectionReconfiguration including sps-Configuration with sps-ConfigurationDL set as disable and hence resulting in DL SPS grant deactivation,0
"UE receives a PDCCH [for DL SPS explicit release according to Table 9.2-1A in TS 36.213] addressed to its SPS C-RNTI in SF-Num p and with NDI set as 0, where p!= z+n*[semiPersistSchedIntervalDL]",0
UE receives a MAC PDU containing an AMD PDU that is larger than 128 bytes with padding at the end,0
UE receives a MAC PDU containing an AMD PDU that is smaller than 128 bytes with padding at the end,0
UE receives a MAC PDU containing an single AMD PDU with no padding,0
UE in E-UTRA RRC_CONNECTED state,0
UE receives a MAC PDU containing an AMD PDU that is smaller than 128 bytes with padding at the end,0
UE receives a MAC PDU containing an single AMD PDU with no padding,0
UE in E-UTRA RRC_CONNECTED state,0
UE in E-UTRA RRC_CONNECTED state with DRB established,0
UE in E-UTRA RRC_CONNECTED state with DRB established,0
UE in E-UTRA RRC_CONNECTED state with DRB established,0
UE in E-UTRA RRC_CONNECTED state with DRB established,0
UE in E-UTRA RRC_ IDLE state with RRC connection establishment procedure initiated,0
UE receives a MAC PDU  addressed to T-CRNTI without UE Contention Resolution Identity matching the one included in the RRCConnectionRequest message,0
UE in E-UTRA RRC_ IDLE state with RRC connection establishment procedure initiated,0
UE receives a MAC PDU  addressed to T-CRNTI with UE Contention Resolution Identity matching the one included in the RRCConnectionRequest message,0
UE in E-UTRA RRC_ IDLE state with RRC connection establishment procedure initiated,0
SS transmits a MAC PDU  addressed to T-CRNTI in repetitions as per DL_REPETITION_NUMBER without UE Contention Resolution Identity matching the one included in the RRCConnectionRequest message,0
UE in E-UTRA RRC_ IDLE state with RRC connection establishment procedure initiated,0
SS transmits a MAC PDU  addressed to T-CRNTI in repetitions as per DL_REPETITION_NUMBER with UE Contention Resolution Identity matching the one included in the RRCConnectionRequest message,0
UE in E-UTRA RRC_CONNECTED state,0
UE is receiving RLC PDUs in MAC PDUs with padding greater than 2 bytes,0
UE is receiving RLC PDUs in MAC PDUs with padding equal to or less than 2 bytes,0
SS is transmitting a MAC control Timing Advance PDU with padding equal to or less than 2 bytes and no Data MAC PDU sub-headers followed by transmitting a RLC PDU,0
UE  in E-UTRA RRC_CONNECTED state,0
UE  in E-UTRA RRC_CONNECTED state,0
the UE transmits a NACK for the corresponding HARQ process within HARQ entity,0
the UE transmits an ACK for the corresponding HARQ process within HARQ entity and delivers data to upper layers,0
the UE transmits a NACK in SF-Num x+4 for the corresponding FDD PCell HARQ process within HARQ entity,0
the UE transmits an ACK in SF-Num x+4 for the corresponding HARQ process of FDD PCell within HARQ entity and delivers data to upper layers,0
the UE supporting of TDD-FDD CA with FDD PCell and TDD SCell in E-UTRA RRC_CONNECTED state with SCell activated,0
the UE supporting of TDD-FDD CA with FDD PCell and TDD SCell in E-UTRA RRC_CONNECTED state with SCell activated,0
the UE transmits a NACK in SF-Num i by setting  as defined in Table 10.1.3.1-1 in TS 36.213 for the corresponding TDD PCell HARQ process within HARQ entity,0
the UE transmits an ACK in SF-Num j by setting  as defined in Table 10.1.3.1-1 in TS 36.213 for the corresponding HARQ process of TDD PCell within HARQ entity and delivers data to upper layers,0
the UE supporting of TDD-FDD CA with TDD PCell and FDD SCell in E-UTRA RRC_CONNECTED state with SCell activated,0
the UE supporting of TDD-FDD CA with TDD PCell and FDD SCell in E-UTRA RRC_CONNECTED state with SCell activated,0
"UE is configured with tdd-Config-v1130 equalling to ssp9 for normal cyclic prefix which is configured in UL-CyclicPrefixLength equalling to len1, network schedules and transmits PDSCH data in DwPTS",0
"UE is configured with tdd-Config-v1130 equalling to ssp7 for extended cyclic prefix which is configured in UL-CyclicPrefixLength equalling to len2, network schedules and transmits PDSCH data in DwPTS",0
"UE is configured with tdd-Config-v1130 equalling to ssp9 for normal cyclic prefix which is configured in UL-CyclicPrefixLength equalling to len1 under tm8 transmission mode, network uses DCI format 2B for PDSCH scheduling and transmits PDSCH data in DwPTS",0
"UE is configured with tdd-Config-v1130 equalling to ssp7 for extended cyclic prefix which is configured in UL-CyclicPrefixLength equalling to len2 under tm7 transmission mode, network uses DCI format 1 for PDSCH scheduling and transmits PDSCH data in DwPTS",0
UE in E-UTRA RRC_CONNECTED state with EPDCCH in localized transmission type,0
UE receives downlink assignment on the EPDCCH with a C-RNTI unknown by the UE and data is available in the associated subframe,0
EPDCCH is configured with distributed transmission type and UE receives downlink assignment on the EPDCCH for the UEs C-RNTI and receives data in the associated subframe and UE performs HARQ operation,0
EPDCCH is configured with distributed transmission type and UE receives downlink assignment on the EPDCCH with a C-RNTI unknown by the UE and data is available in the associated subframe,0
UE receives a DL assignment addressed to its stored SPS-CRNTI in SF-Num y and with NDI set as 0,0
"UE receives a DL assignment addressed to its SPS-CRNTI in SF-Num p and with NDI set as 0, where p!= y+n*[semiPersistSchedIntervalDL]",0
"UE receives a DL assignment [for retransmission] addressed to its SPS-CRNTI in SF-Num z and with NDI set as 1, where z!= p+n*[semiPersistSchedIntervalDL]",0
UE in E-UTRA RRC_Connected state with DRB established and stored DL SPS assignment to receive MAC PDU at SF-Num y+n*[semiPersistSchedIntervalDL] and EPDCCH in localized transmission mode,0
UE receives a RRCConnectionReconfiguration including sps-Configuration with sps-ConfigurationDL set as disable and hence resulting in DL SPS grant deactivation,0
"UE receives a EPDCCH [for DL SPS explicit release according to Table 9.2-1A in TS 36.213] addressed to its SPS C-RNTI in SF-Num p and with NDI set as 0, where p!= z+n*[semiPersistSchedIntervalDL]",0
EPDCCH is configured with distributed transmission type and UE receives a DL assignment addressed to its stored SPS-CRNTI in SF-Num y and with NDI set as 0,0
"EPDCCH is configured with distributed transmission type and UE receives a DL assignment addressed to its SPS-CRNTI in SF-Num p and with NDI set as 0, where p!= y+n*[semiPersistSchedIntervalDL]",0
"EPDCCH is configured with distributed transmission type and UE receives a DL assignment [for retransmission] addressed to its SPS-CRNTI in SF-Num z and with NDI set as 1, where z!= p+n*[semiPersistSchedIntervalDL]",0
"EPDCCH is configured with distributed transmission type and UE receives a DL assignment addressed to its CRNTI in SF-Num p, such that p!= y+n*[semiPersistSchedIntervalDL]",0
EPDCCH is configured with distributed transmission type and UE receives a RRCConnectionReconfiguration including sps-Configuration with sps-ConfigurationDL set as disable and hence resulting in DL SPS grant deactivation,0
"EPDCCH is configured with distributed transmission type and UE receives a ePDCCH [for DL SPS explicit release according to Table 9.2-1A in TS 36.213] addressed to its SPS C-RNTI in SF-Num p and with NDI set as 0, where p!= z+n*[semiPersistSchedIntervalDL]",0
UE in E-UTRA RRC_CONNECTED state with eIMTA configured and SS is sending eIMTA L1 signalling on PDCCH with CRC scrambled by eIMTA-RNTI,0
UE in E-UTRA RRC_CONNECTED state with eIMTA configured and SS is not sending eIMTA L1 signalling on PDCCH with CRC scrambled by eIMTA-RNTI,0
UE in E-UTRA RRC_CONNECTED state with eIMTA configured and SCell activated and SS is sending eIMTA L1 signalling for SCell on PDCCH with CRC scrambled by eIMTA-RNTI,0
UE in E-UTRA RRC_CONNECTED state with eIMTA configured and SCell activated and SS is not sending eIMTA L1 signalling for SCell on PDCCH with CRC scrambled by eIMTA-RNTI,0
UE receives for a TTI an uplink grant with valid C-RNTI,0
UE receives a UL grant addressed to its stored SPS-CRNTI in SF-Num y and with NDI set as 0,0
"UE receives a UL grant addressed to its SPS-CRNTI in SF-Num-frame p and with NDI set as 0, where p+4!=F1(FDD) or p+k(p)!=F1(TDD)",0
"UE receives a UL grant [for retransmission] addressed to its SPS-CRNTI in SF-Num z and with NDI set as 1, for the corresponding HARQ Process, where z+4!=F1(FDD) or z+k(z)!=F1(TDD)",0
UE in E-UTRA RRC_Connected state with DRB established and stored UL SPS grant to transmit MAC PDU at SF-Num F3,0
UE receives a RRCConnectionReconfiguration including sps-Configuration with sps-ConfigurationUL set as disable and hence resulting in UL SPS grant deactivation,0
UE in E-UTRA RRC_Connected state with DRB established and configured UL SPS grant,0
"UE receives a PDCCH [for UL SPS explicit release according to Table 9.2-1A in TS 36.213] addressed to its SPS C-RNTI in SF-Num p and with NDI set as 0, where p+4!=F3(FDD) or p+k(p)!=F3(TDD)",0
UE in E-UTRA RRC_CONNECTED state,0
UE in E-UTRA RRC_CONNECTED state,0
UE in E-UTRA RRC_CONNECTED state and has pending SR(s),0
The UE is in E-UTRA RRC_CONNECTED state and no PUCCH resource for SR is configured,0
The  UE in E-UTRA RRC_CONNECTED state,0
UL data arrives in the UE transmission buffer and the data belongs to a logical channel with higher priority than those for which data is already available for transmission and the new logical channel and the existing logical channels belongs to the different LCG,0
UE in E-UTRA RRC_CONNECTED state,0
UL data arrives in the UE transmission buffer and the data belongs to a logical channel with higher priority than those for which data is already available for transmission and the new logical channel and existing logical channels belong to the same LCG,0
UE in E-UTRA RRC_CONNECTED state,0
UE in E-UTRA RRC_CONNECTED stat e,0
UE in E-UTRA RRC_CONNECTED state,0
UE in E-UTRA RRC_CONNECTED state,0
UE in E-UTRA RRC_CONNECTED state,0
UE reports a Truncated BSR of the LCG with the highest priority logical channel with data available for transmission,0
UE in E-UTRA RRC_CONNECTED state,0
UE in E-UTRA RRC_CONNECTED state,0
UE has transmitted a MAC PDU with a Regular BSR and padding such that a padding BSR is triggered AND UE has remaining data causing continuous data transmission while periodicBSR-Timer is running without causing any Regular BSR or padding BSR to be triggered,0
UE in E-UTRA RRC_CONNECTED state,0
UE in E-UTRA RRC_CONNECTED state,0
UE is to transmit a MAC PDU with padding exceeding 2 bytes,0
UE is to transmit a MAC PDU with single-byte padding and there is a data MAC PDU sub-header present,0
UE is to transmit a MAC PDU with two-byte padding and there is a data MAC PDU sub-header,0
UE is to transmit a MAC PDU with single-byte padding and there is no data MAC PDU sub-header but a MAC Control element is present,0
UE is to transmit a MAC PDU with two-byte padding and there is no data MAC PDU sub-header but a MAC Control element is present,0
UE receives an UL Grant with toggled NDI and has data available for transmission,0
"UE performs non-adaptive retransmission of the MAC PDU with redundancy version toggled by one of the last (re)transmission [0,2,3,1 order]",0
UE performs an adaptive retransmission of the MAC PDU with redundancy version as received on PDCCH,0
UE in E-UTRA RRC_CONNECTED state with DRB established and having transmitted a MAC PDU less than maxHARQ-Tx times,0
UE receives an uplink grant on PDCCH for the next TTI corresponding to the HARQ process with not toggled NDI,0
"UE receives an uplink grant on PDCCH for the next TTI corresponding to the HARQ process with toggled NDI, and data are not available for transmission",0
UE in E-UTRA RRC_CONNECTED state with DRB established and having transmitted a MAC PDU maxHARQ-Tx times,0
"UE  in E-UTRA RRC_CONNECTED state, with Scheduling Request procedure triggered",0
UE  in E-UTRA RRC_CONNECTED state,0
UE  in E-UTRA RRC_CONNECTED state,0
"UE  in E-UTRA RRC_CONNECTED state, with Scheduling Request procedure triggered",0
UE  in E-UTRA RRC_CONNECTED state,0
UE  in E-UTRA RRC_CONNECTED state,0
UE in E-UTRA RRC_CONNECTED state and UE is not Category 0 or Category M1,0
UE in E-UTRA RRC_CONNECTED state and UE is not Category 0 or Category M1,0
UE in E-UTRA RRC_CONNECTED state,0
UE in E-UTRA RRC_CONNECTED state,0
UE in E-UTRA RRC_CONNECTED state,0
UE inserts the last MAC sub-header as a padding MAC subheader consisting solely of the four header fields R/R/E/LCID with LCID set to Padding,0
UE receives an UL Grant with toggled NDI and has data available for transmission,0
"UE in E-UTRA RRC_CONNECTED state with DRB established, TTI bundling configured and having transmitted a MAC PDU less than maxHARQ-Tx times",0
UE performs an adaptive retransmission of the MAC PDU with redundancy version as received on PDCCH in first UL subframe and non-adaptive retransmissions in 3 additional consecutive UL subframes,0
UE in E-UTRA RRC_CONNECTED state with DRB established and having transmitted a MAC PDU less than maxHARQ-Tx times,0
"UE in E-UTRA RRC_CONNECTED state with DRB established, periodic power headroom reporting configured",0
"UE in E-UTRA RRC_CONNECTED state with DRB established, periodic power headroom reporting configured",0
UE in E-UTRA RRC_CONNECTED state with DRB established,0
"UE in E-UTRA RRC_Connected state with DRB established, Power headroom reporting for dl-PathlossChange configured",0
"UE in E-UTRA RRC_Connected state with DRB established, Power headroom reporting for dl-PathlossChange configured",0
UE transmits a MAC PDU containing 'Buffer Status Report' MAC control element with Extended Buffer size,0
"UE in E-UTRA RRC_Connected state with DRB established, Extended Power headroom reporting and an SCell with uplink addition configured",0
"UE in E-UTRA RRC_Connected state with DRB established, Extended Power headroom reporting for DL_Pathloss change configured",0
"UE in E-UTRA RRC_Connected state with DRB established, Extended Power headroom reporting for DL_Pathloss change configured",0
UE in E-UTRA RRC_CONNECTED state with SCell configured and activated,0
UE in E-UTRA RRC_CONNECTED state,0
UE in E-UTRA RRC_CONNECTED state with SCell configured and activated,0
UE in E-UTRA RRC_CONNECTED state with DRB established Extended PHR reporting configured,0
"UE in E-UTRA RRC_CONNECTED state with DRB established, Extended PHR reporting configured",0
UE in E-UTRA RRC_CONNECTED state with DRB established,0
"UE receives one uplink grant (DCI format 4) with toggled NDI and two transport blocks enabled, and has data available for transmission",0
"UE performs non-adaptive retransmission of the two MAC PDUs with redundancy version toggled by one of the last (re)transmission [0,2,3,1 order]",0
"UE performs non-adaptive retransmission of the MAC PDU with redundancy version toggled by one of the last (re)transmission [0,2,3,1 order] for the HARQ process that receives NACK and does not retransmit any MAC PDUs for another HARQ process that receives ACK",0
UE performs an adaptive retransmission of the MAC PDU with redundancy version as received on PDCCH for HARQ process with old NDI and transmits a new MAC PDU for HARQ process with new NDI,0
UE in E-UTRA RRC_CONNECTED state with DRB established and having transmitted two MAC PDU less than maxHARQ-Tx times,0
UE receives an UL Grant with toggled NDI and has data available for transmission,0
"UE in E-UTRA RRC_CONNECTED state with DRB established, TTI bundling configured with e-HARQ-Pattern-r12 is set to TRUE and having transmitted a MAC PDU less than maxHARQ-Tx times",0
UE performs an adaptive retransmission of the MAC PDU with redundancy version as received on PDCCH in first UL subframe and non-adaptive retransmissions in 3 additional consecutive UL subframes,0
UE in E-UTRA RRC_CONNECTED state with DRB established and having transmitted a MAC PDU less than maxHARQ-Tx times,0
UE receives an UL Grant with toggled NDI indicating a resource block assignment correspondent to a physical resource block number  of more than 3 and a modulation and coding scheme index  of no less than 11 and has data available for transmission,0
"UE in E-UTRA RRC_CONNECTED state with DRB established, TTI bundling configured and having transmitted a MAC PDU less than maxHARQ-Tx times",0
UE performs an adaptive retransmission of the MAC PDU with redundancy version as received on PDCCH in first UL subframe and non-adaptive retransmissions in 3 additional consecutive UL subframes,0
UE in E-UTRA RRC_CONNECTED state with DRB established and having transmitted a MAC PDU less than maxHARQ-Tx times,0
"UE receives an UL Grant on MPDCCH corresponding to the HARQ process x, with toggled NDI and has data available for transmission",0
UE performs adaptive retransmission of a MAC PDU with redundancy version as received on MPDCCH on first UL subframe and non-adaptive retransmissions for repetition number -1 additional consecutive UL subframes,0
"UE receives an UL Grant for HARQ process x, with toggled NDI and has data available for transmission",0
UE supporting of TDD-FDD CA with FDD PCell and TDD SCell in E-UTRA RRC_CONNECTED state,0
"UE shall adjust the corresponding PUSCH transmission in subframe m+k for the TDD SCell, with k given in Table 8-2 of TS 36.213",0
UE supporting of TDD-FDD CA with TDD PCell and FDD SCell in E-UTRA RRC_CONNECTED state,0
UE shall adjust the corresponding PUSCH transmission for the TDD PCell in subframe n+k with k given in Table 8-2 of TS 36.213,0
UE in connected mode with SCG activated with a Split DRB configured with the IE ul-DataSplitDRB-ViaSCG set to TRUE,0
UE in connected mode with SCG activation with a Split DRB configured with the IE ul-DataSplitDRB-ViaSCG set to FALSE,0
PSCell is added with a SCG bearer,0
UE in connected mode with a SCG DRB established and with UE power headroom reporting by DL_Pathloss change configured,0
UE in connected mode with a SCG DRB established and with UE power headroom reporting by DL_Pathloss change configured,0
PSCell is added with a Split bearer,0
UE in connected mode with a Split DRB established and with UE power headroom reporting by DL_Pathloss change configured,0
UE in connected mode with a Split DRB established and with UE power headroom reporting by DL_Pathloss change configured,0
UE in E-UTRA RRC_CONNECTED state with eIMTA configured and SS is sending eIMTA L1 signalling on PDCCH with CRC scrambled by eIMTA-RNTI,0
UE in E-UTRA RRC_CONNECTED state with eIMTA configured and SS is not sending eIMTA L1 signalling on PDCCH with CRC scrambled by eIMTA-RNTI,0
UE in E-UTRA RRC_CONNECTED state with eIMTA configured and SCell activated and SS is sending eIMTA L1 signalling for SCell on PDCCH with CRC scrambled by eIMTA-RNTI,0
UE in E-UTRA RRC_CONNECTED state with eIMTA configured and SCell activated and SS is not sending eIMTA L1 signalling for SCell on PDCCH with CRC scrambled by eIMTA-RNTI,0
UE in E-UTRA RRC_CONNECTED state and PUCCH SCell configured and activated,0
UE in E-UTRA RRC_CONNECTED state and has pending SR(s),0
"UE in E-UTRA RRC_CONNECTED state with DRB established, periodic reporting of type 2 power headroom configured, and PUCCH SCell configured and activated",0
"UE in E-UTRA RRC_CONNECTED state with DRB established, periodic reporting of type 2 power headroom configured, and PUCCH SCell configured and activated",0
"UE in E-UTRA RRC_CONNECTED state with DRB established, periodic reporting of type 2 power headroom configured, and PUCCH SCell configured and activated",0
BL UE in E-UTRA RRC_CONNECTED state with DRB established,0
BL UE in E-UTRA RRC_CONNECTED state with DRB established,0
BL UE in E-UTRA RRC_CONNECTED state with DRB established in a FDD cell,0
"UE receives for a TTI an uplink grant with Hopping flag set as 1, NUL_hop bits indicating Type 1 PUSCH Hopping",0
"UE transmits data with predefined, intra-TTI PUSCH hopping",0
"UE transmits data with predefined, inter-TTI PUSCH hopping",0
"UE transmits data with predefined, inter-TTI PUSCH hopping",0
"UE transmits data with predefined, inter-TTI PUSCH hopping",0
UE in CONNECTED mode,0
UE in CONNECTED mode,0
UE in CONNECTED mode,0
UE in CONNECTED mode,0
UE in CONNECTED mode,0
UE in CONNECTED mode,0
UE in CONNECTED mode,0
UE in CONNECTED mode,0
UE in CONNECTED mode,0
UE in CONNECTED mode,0
UE in CONNECTED mode,0
UE in CONNECTED mode,0
UE in CONNECTED mode,0
UE in CONNECTED mode,0
UE in CONNECTED mode,0
UE in CONNECTED mode,0
UE in CONNECTED mode,0
UE in E-UTRA RRC_CONNECTED state,0
UE in E-UTRA RRC_CONNECTED state,0
"UE on PDCCH receives DCI format 1A indicating Resource Allocation Type 2 with Localized VRB, a resource block assignment correspondent to  physical resource blocks and a modulation and coding scheme",0
"UE on PDCCH receives DCI format 1A indicating Resource Allocation Type 2 with Distributed VRB, a resource block assignment correspondent to  physical resource blocks and a modulation and coding scheme",0
UE in E-UTRA RRC_CONNECTED state,0
UE in E-UTRA RRC_CONNECTED state,0
UE in E-UTRA RRC_CONNECTED state,0
UE in E-UTRA RRC_CONNECTED state,0
UE in E-UTRA RRC_CONNECTED state with dl-256QAM-r12 supported and altCQI-Table-r12 configured,0
UE in E-UTRA RRC_CONNECTED state with dl-256QAM-r12 supported and altCQI-Table-r12 configured,0
UE in E-UTRA RRC_CONNECTED state with dl-256QAM-r12 supported and altCQI-Table-r12 configured,0
UE in E-UTRA RRC_CONNECTED state with dl-256QAM-r12 supported and altCQI-Table-r12 configured,0
UE in E-UTRA RRC_CONNECTED state with dl-256QAM-r12 supported and altCQI-Table-r12 configured,0
UE in E-UTRA RRC_CONNECTED state with dl-256QAM-r12 supported and altCQI-Table-r12 configured,0
UE in E-UTRA RRC_CONNECTED state with dl-256QAM-r12 supported and altCQI-Table-r12 configured,0
UE in E-UTRA RRC_CONNECTED state with dl-256QAM-r12 supported and altCQI-Table-r12 configured,0
UE on MPDCCH receives DCI format 6-1A Resource Allocation Type 2 with Localized VRB indicating a resource block assignment correspondent to  physical resource blocks and a modulation and coding scheme,0
UE in E-UTRA RRC_CONNECTED state,0
UE in E-UTRA RRC_CONNECTED state,0
UE in E-UTRA RRC_CONNECTED state,0
UE in E-UTRA RRC_CONNECTED state,0
UE in E-UTRA RRC_CONNECTED state,0
UE in E-UTRA RRC_CONNECTED state,0
UE in E-UTRA RRC_CONNECTED state with SCell configure,0
UE in E-UTRA RRC_CONNECTED state with SCell activated,0
UE in E-UTRA RRC_CONNECTED state with SCell activated,0
UE in E-UTRA RRC_CONNECTED state with SCell Activated,0
UE in E-UTRA RRC_CONNECTED state with SCell activated,0
UE in E-UTRA RRC_CONNECTED state with nPUCCH-Identity-r11 configured,0
UE transmits the data to the network on PUSCH with DMRS generated by using nPUSCH-Identity-r11,0
LAA Scell transmits in PDCCH with DCI format 1C scrambled with CC-RNTI,0
UE receives a MAC PDU on DL SCH and addressed to its T-CRNTI but including a reserved value for LCID,1
UE receives a MAC PDU on DL SCH and addressed to its T-CRNTI with value 00000B as LCID,1
UE receives a Paging message including a matched identity,1
UE receives a MAC PDU on DL SCH and addressed to its CRNTI but including a reserved value for LCID,1
UE receives a MAC PDU on DL SCH and addressed to its CRNTI with value 00011B as LCID,1
SS sends an RRCConnectionReconfiguration message including RACH-ConfigDedicated information element,1
SS sends an RRCConnectionReconfiguration message including RACH-ConfigDedicated information element,1
PDCCH control command is received providing Random Access Preamble,1
UE does not receive a matching Random Access response in ra-ResponseWindowSize (hence considers RACH attempt as failed) and PREAMBLE_TRANSMISSION_COUNTER is less than PREAMBLE_TRANS_MAX,1
SS sends a Paging message to the UE and MAC PDU Size carrying CCCH PDU is less than messageSizeGroupA,1
SS does not respond before contention resolution timer expiry,1
SS does not respond before contention resolution timer expiry after more than preambleTransMax transmissions from UE,1
UE has data available for transmission and the MAC PDU Size carrying this data is greater than messageSizeGroupA,1
UE in enhanced coverage receives a Paging message and preambles contained in Random Access Preamble groups in preambleMappingInfoList for each CE level is indicated in SIB2,1
SS sends numRepetitionPerPreambleAttempt in SIB2,1
SS does not respond before contention resolution timer expiry,1
SS does not respond before contention resolution timer expiry after more than maxNumPreambleAttemptCE transmissions from UE,1
SS sends a Paging message to the UE and MAC PDU Size carrying CCCH PDU is less than messageSizeGroupA,1
SS does not respond before contention resolution timer expiry,1
SS does not respond before contention resolution timer expiry after more than preambleTransMax transmissions from UE,1
UE has data available for transmission and the MAC PDU Size carrying this data is greater than messageSizeGroupA,1
The SS pages the UE with a matching identity,1
SS does not answer with a matching Random Access Response within ra-ResponseWindowSize,1
SS ignores the RRCConnectionRequest and does not send any Response,1
UE receives during TTI window [RA_WINDOW_BEGINRA_WINDOW_END] MAC PDU containing multiple RARs but none of the subheaders contains a RAPID corresponding to the UE,1
UE receives during TTI window [RA_WINDOW_BEGINRA_WINDOW_END] MAC PDU containing multiple RARs and one of the subheaders contains a RAPID corresponding to the UE,1
The SS transmits a Timing Advance Command in a Random Access Response message,1
Timing Advanced Command MAC control element is received and UE has pending data during the period the timeAlignmentTimer is running,1
timeAlignmentTimer has expired or is not running and UL transmission is required,1
SS does not send any MAC PDU including 'UE Contention Resolution Identity' MAC control element before contention resolution timer expires,1
"SS transmits a valid MAC PDU containing RRCConnectionSetup, but not including 'UE Contention Resolution Identity' MAC control element",1
"SS transmits a valid MAC PDU containing RRCConnectionSetup, including 'UE Contention Resolution Identity' MAC control element but with un-matched 'Contention Resolution Identity'",1
"SS transmits a valid MAC PDU containing a RRCConnectionSetup, including 'UE Contention Resolution Identity' MAC control element and matching 'Contention Resolution Identity'",1
The SS does not schedule any PDCCH transmission addressed to UE C-RNTI before Contention resolution timer expiry,1
UE receive PDCCH transmission addressed to its C-RNTI before Contention resolution timer expiry,1
SS sends a Random Access Response including a Backoff Indicator and the Random Access Preamble identifier is different from the value received from the UE,1
SS sends a Random Access Response containing Backoff Indicator and a Random Access Preamble identifier with the same value as received from the UE,1
UE receives a Contention Resolution failure,1
PDCCH order is sent on the scheduling cell of the activated SCell providing Random Access Preamble,1
UE has data to send on the PCell,1
UE does not receive a matching Random Access response in ra-ResponseWindowSize (hence considers RACH attempt as failed) and PREAMBLE_TRANSMISSION_COUNTER is less than PREAMBLE_TRANS_MAX,1
UE has sent the Preamble on the activated SCell,1
UE has data to send and receives the UL Grant scheduled for the SCell,1
The SS transmits a Timing Advance Command in a Random Access Response message,1
Timing Advance Command MAC control element with the TAG Id associated with the SCell is received and UE has pending data during the period the timeAlignmentTimer for the PCell and timeAlignmentTimerSTAG are running,1
timeAlignmentTimer associated with the pTAG is running and timeAlignmentTimerSTAG associated with the sTAG has expired or is not running,1
timeAlignmentTimer associated with the pTAG expires and timeAlignmentTimerSTAG for the sTAG had not yet expired and UL transmission is required,1
The SS transmits a Timing Advance Command in a Random Access Response message,1
The SS transmits Timing Advance Command MAC control element with the TAG Id associated with the sTAG which includes two different frame structure type SCells,1
UE receives downlink assignment on the PDCCH for the UEs C-RNTI and receives data in the associated subframe and UE performs HARQ operation,1
UE receives downlink assignment on the PDCCH with a C-RNTI unknown by the UE and data is available in the associated subframe,1
UE receives a DL assignment addressed to its stored SPS-CRNTI in SF-Num y and with NDI set as 0,1
"UE receives a DL assignment addressed to its SPS-CRNTI in SF-Num p and with NDI set as 0, where p!= y+n*[semiPersistSchedIntervalDL]",1
"UE receives a DL assignment [for retransmission] addressed to its SPS-CRNTI in SF-Num z and with NDI set as 1, where z!= p+n*[semiPersistSchedIntervalDL]",1
"UE receives a DL assignment addressed to its CRNTI in SF-Num p, such that p!= y+n*[semiPersistSchedIntervalDL]",1
UE receives a RRCConnectionReconfiguration including sps-Configuration with sps-ConfigurationDL set as disable and hence resulting in DL SPS grant deactivation,1
"UE receives a PDCCH [for DL SPS explicit release according to Table 9.2-1A in TS 36.213] addressed to its SPS C-RNTI in SF-Num p and with NDI set as 0, where p!= z+n*[semiPersistSchedIntervalDL]",1
UE receives a MAC PDU containing an AMD PDU that is larger than 128 bytes with padding at the end,1
UE receives a MAC PDU containing an AMD PDU that is smaller than 128 bytes with padding at the end,1
UE receives a MAC PDU containing an single AMD PDU with no padding,1
UE receives a MAC PDU containing multiple MAC SDUs each containing an AMD PDU and no padding,1
UE receives a MAC PDU containing an AMD PDU that is smaller than 128 bytes with padding at the end,1
UE receives a MAC PDU containing an single AMD PDU with no padding,1
UE receives a MAC PDU containing multiple MAC SDUs each containing an AMD PDU and no padding,1
the UE receives a MAC PDU for DRB and decode fails,1
"the UE receives a MAC PDU retransmission for DRB, and results in successful decode",1
"the SS transmits a MAC PDU, causing CRC fail on UE side, for DRB in repetitions as per DL_REPETITION_NUMBER",1
"the SS retransmits a MAC PDU, causing CRC pass on UE side, for DRB in repetitions as per DL_REPETITION_NUMBER",1
UE receives a MAC PDU  addressed to RA-RNTI,1
UE receives a MAC PDU  addressed to T-CRNTI without UE Contention Resolution Identity matching the one included in the RRCConnectionRequest message,1
UE receives a MAC PDU  addressed to T-CRNTI and cannot decode properly,1
UE receives a MAC PDU  addressed to T-CRNTI with UE Contention Resolution Identity matching the one included in the RRCConnectionRequest message,1
SS transmits a MAC PDU  addressed to RA-RNTI in repetitions as per DL_REPETITION_NUMBER,1
SS transmits a MAC PDU  addressed to T-CRNTI in repetitions as per DL_REPETITION_NUMBER without UE Contention Resolution Identity matching the one included in the RRCConnectionRequest message,1
SS transmits a MAC PDU  addressed to T-CRNTI in repetitions as per DL_REPETITION_NUMBER and cannot decode properly,1
SS transmits a MAC PDU  addressed to T-CRNTI in repetitions as per DL_REPETITION_NUMBER with UE Contention Resolution Identity matching the one included in the RRCConnectionRequest message,1
UE receives a MAC PDU addressed to SI-RNTI,1
UE is receiving RLC PDUs in MAC PDUs with padding greater than 2 bytes,1
UE is receiving RLC PDUs in MAC PDUs with padding equal to or less than 2 bytes,1
SS is transmitting a MAC control Timing Advance PDU with padding equal to or less than 2 bytes and no Data MAC PDU sub-headers followed by transmitting a RLC PDU,1
"UE MAC is reset, due to handover to a new cell",1
"UE MAC is reset, due to handover to a new cell",1
the UE receives a MAC PDU for DRB and decode fails,1
"the UE receives a MAC PDU retransmission for DRB, and results in successful decode",1
the UE receives a MAC PDU for DRB of FDD PCell in SF-Num x and decode fails,1
the UE receives a MAC PDU retransmission and results in successful decode for DRB of FDD PCell for the UEs C-RNTI in the SF-Num x,1
the UE receives downlink assignment on the PDCCH of TDD SCell for the UEs C-RNTI and receives data in the associated SF-Num y and decode fails,1
the UE receives a MAC PDU retransmission and results in successful decode for DRB of TDD SCell for the UEs C-RNTI in the SF-Num y,1
the UE receives a MAC PDU for DRB of TDD PCell in SF-Num i-K and decode fails,1
the UE receives a MAC PDU retransmission and results in successful decode for DRB of TDD PCell for the UEs C-RNTI in the SF-Num j-K,1
the UE receives downlink assignment on the PDCCH of FDD SCell for the UEs C-RNTI and receives data in the associated SF-Num x-K and decode fails,1
the UE receives a MAC PDU retransmission and results in successful decode for DRB of FDD SCell for the UEs C-RNTI in the SF-Num y-K,1
"UE is configured with tdd-Config-v1130 equalling to ssp9 for normal cyclic prefix which is configured in UL-CyclicPrefixLength equalling to len1, network schedules and transmits PDSCH data in DwPTS",1
"UE is configured with tdd-Config-v1130 equalling to ssp7 for extended cyclic prefix which is configured in UL-CyclicPrefixLength equalling to len2, network schedules and transmits PDSCH data in DwPTS",1
"UE is configured with tdd-Config-v1130 equalling to ssp9 for normal cyclic prefix which is configured in UL-CyclicPrefixLength equalling to len1 under tm8 transmission mode, network uses DCI format 2B for PDSCH scheduling and transmits PDSCH data in DwPTS",1
"UE is configured with tdd-Config-v1130 equalling to ssp7 for extended cyclic prefix which is configured in UL-CyclicPrefixLength equalling to len2 under tm7 transmission mode, network uses DCI format 1 for PDSCH scheduling and transmits PDSCH data in DwPTS",1
UE receives downlink assignment on the EPDCCH for the UEs C-RNTI and receives data in the associated subframe and UE performs HARQ operation,1
UE receives downlink assignment on the EPDCCH with a C-RNTI unknown by the UE and data is available in the associated subframe,1
EPDCCH is configured with distributed transmission type and UE receives downlink assignment on the EPDCCH for the UEs C-RNTI and receives data in the associated subframe and UE performs HARQ operation,1
EPDCCH is configured with distributed transmission type and UE receives downlink assignment on the EPDCCH with a C-RNTI unknown by the UE and data is available in the associated subframe,1
UE receives a DL assignment addressed to its stored SPS-CRNTI in SF-Num y and with NDI set as 0,1
"UE receives a DL assignment addressed to its SPS-CRNTI in SF-Num p and with NDI set as 0, where p!= y+n*[semiPersistSchedIntervalDL]",1
"UE receives a DL assignment [for retransmission] addressed to its SPS-CRNTI in SF-Num z and with NDI set as 1, where z!= p+n*[semiPersistSchedIntervalDL]",1
"UE receives a DL assignment addressed to its CRNTI in SF-Num p, such that p!= y+n*[semiPersistSchedIntervalDL]",1
UE receives a RRCConnectionReconfiguration including sps-Configuration with sps-ConfigurationDL set as disable and hence resulting in DL SPS grant deactivation,1
"UE receives a EPDCCH [for DL SPS explicit release according to Table 9.2-1A in TS 36.213] addressed to its SPS C-RNTI in SF-Num p and with NDI set as 0, where p!= z+n*[semiPersistSchedIntervalDL]",1
EPDCCH is configured with distributed transmission type and UE receives a DL assignment addressed to its stored SPS-CRNTI in SF-Num y and with NDI set as 0,1
"EPDCCH is configured with distributed transmission type and UE receives a DL assignment addressed to its SPS-CRNTI in SF-Num p and with NDI set as 0, where p!= y+n*[semiPersistSchedIntervalDL]",1
"EPDCCH is configured with distributed transmission type and UE receives a DL assignment [for retransmission] addressed to its SPS-CRNTI in SF-Num z and with NDI set as 1, where z!= p+n*[semiPersistSchedIntervalDL]",1
"EPDCCH is configured with distributed transmission type and UE receives a DL assignment addressed to its CRNTI in SF-Num p, such that p!= y+n*[semiPersistSchedIntervalDL]",1
EPDCCH is configured with distributed transmission type and UE receives a RRCConnectionReconfiguration including sps-Configuration with sps-ConfigurationDL set as disable and hence resulting in DL SPS grant deactivation,1
"EPDCCH is configured with distributed transmission type and UE receives a ePDCCH [for DL SPS explicit release according to Table 9.2-1A in TS 36.213] addressed to its SPS C-RNTI in SF-Num p and with NDI set as 0, where p!= z+n*[semiPersistSchedIntervalDL]",1
UE receives downlink assignment on the PDCCH for the UEs C-RNTI and receives data in the associated subframe and UE performs HARQ operation,1
UE receives downlink assignment on the PDCCH for the UEs C-RNTI and receives data in the associated subframe and UE performs HARQ operation,1
UE receives downlink assignment on the SCell PDCCH for the UEs C-RNTI and receives data in the associated subframe and UE performs HARQ operation,1
UE receives downlink assignment on the SCell PDCCH for the UEs C-RNTI and receives data in the associated subframe and UE performs HARQ operation,1
UE receives for a TTI an uplink grant with valid C-RNTI,1
UE receives a UL grant addressed to its stored SPS-CRNTI in SF-Num y and with NDI set as 0,1
"UE receives a UL grant addressed to its SPS-CRNTI in SF-Num-frame p and with NDI set as 0, where p+4!=F1(FDD) or p+k(p)!=F1(TDD)",1
"UE receives a UL grant [for retransmission] addressed to its SPS-CRNTI in SF-Num z and with NDI set as 1, for the corresponding HARQ Process, where z+4!=F1(FDD) or z+k(z)!=F1(TDD)",1
"UE receives a UL grant addressed to its CRNTI in SF-Num p, such that in SF-Num p+4=F3(FDD) or p+k(p)=F3(TDD)",1
UE receives a RRCConnectionReconfiguration including sps-Configuration with sps-ConfigurationUL set as disable and hence resulting in UL SPS grant deactivation,1
UE transmits implicitReleaseAfter MAC PDUs on SPS-Grant containing zero MAC SDU,1
"UE receives a PDCCH [for UL SPS explicit release according to Table 9.2-1A in TS 36.213] addressed to its SPS C-RNTI in SF-Num p and with NDI set as 0, where p+4!=F3(FDD) or p+k(p)!=F3(TDD)",1
sending data on the uplink,1
PUCCH is configured and UE has UL data available for transmission and UE has no UL-SCH resources available and SR_COUNTER is less than dsr-TransMax,1
UE receives an UL grant for a new transmission,1
"UE has UL data available for transmission, UE has no UL-SCH resources available and time alignment timer expires",1
PUCCH Configured and UE has UL data available for transmission and UE has no UL-SCH resources available and SR_COUNTER becomes equal to dsr-TransMax,1
UL data arrives in the UE transmission buffer and the data belongs to a logical channel with higher priority than those for which data is already available for transmission and the new logical channel and the existing logical channels belongs to the different LCG,1
UL data arrives in the UE transmission buffer and there is no data available for transmission for any of the logical channels which belong to a LCG,1
UL data arrives in the UE transmission buffer and the data belongs to a logical channel with higher priority than those for which data is already available for transmission and the new logical channel and existing logical channels belong to the same LCG,1
RETX_BSR_TIMER expires and only one LCG has data available for transmission,1
a Regular BSR has been triggered and UE has pending data for transmission and UE has only resources to send either BSR report or data,1
UE determines that a BSR has been triggered since the last transmission of a BSR and UE has no UL resources allocated for new transmission for this TTI,1
"a Regular BSR has been triggered and UE has pending data on several logical channels for transmission and UE has only UL resources to send all pending data available for transmission, but UL grant is not sufficient to additionally accommodate the BSR MAC control element",1
a Regular BSR has been triggered and UE has pending data on several logical channels for transmission and UE has UL resources to send all pending data including BSR,1
UE transmits a MAC PDU and the number of padding bits is equal to or larger than the size of a Short BSR plus its subheader but smaller than the size of a Long BSR plus its subheader and the UE has available data for transmission from more than one LCG in the TTI where the BSR is transmitted,1
UE transmits a MAC PDU and the number of padding bits is equal to or larger than the size of a Short BSR plus its subheader but smaller than the size of a Long BSR plus its subheader and the UE has available data for transmission form only one LCG in the TTI where the BSR is transmitted,1
UE transmits a MAC PDU and the number of padding bits is equal to or larger than the size of a Long BSR plus its subheader,1
UE has transmitted a MAC PDU with a Regular BSR and padding such that a padding BSR is triggered AND UE has remaining data causing continuous data transmission while periodicBSR-Timer is running without causing any Regular BSR or padding BSR to be triggered,1
periodicBSR-Timer expires and more than one LCG has buffered data in a TTI,1
periodicBSR-Timer expires and one LCG has buffered data in a TTI,1
UE is to transmit a MAC PDU with padding exceeding 2 bytes,1
UE is to transmit a MAC PDU with single-byte padding and there is a data MAC PDU sub-header present,1
UE is to transmit a MAC PDU with two-byte padding and there is a data MAC PDU sub-header,1
UE is to transmit a MAC PDU with single-byte padding and there is no data MAC PDU sub-header but a MAC Control element is present,1
UE is to transmit a MAC PDU with two-byte padding and there is no data MAC PDU sub-header but a MAC Control element is present,1
UE receives an UL Grant with toggled NDI and has data available for transmission,1
UE receives a NACK and no uplink grant is included for the next TTI corresponding to the HARQ process,1
"UE receives an uplink grant on PDCCH for the next TTI corresponding to the HARQ process with old NDI [not toggled], irrespective of ACK/NACK is received for previous (re)transmission",1
UE receives an ACK and no uplink grant is included for the next TTI corresponding to the HARQ process,1
UE receives an uplink grant on PDCCH for the next TTI corresponding to the HARQ process with not toggled NDI,1
"UE receives an uplink grant on PDCCH for the next TTI corresponding to the HARQ process with toggled NDI, and data are not available for transmission",1
UE receives a NACK and no uplink grant is included for the next TTI corresponding to the HARQ process,1
"UE MAC is reset, due to handover to a new cell",1
"UE MAC is reset, due to handover to a new cell",1
"UE MAC is reset, due to handover to a new cell",1
"UE MAC is partial reset, due to PUSCH enhancement mode setup",1
"UE MAC is partial reset, due to PUSCH enhancement mode release",1
"UE MAC is partial reset, due to PUSCH enhancement mode setup",1
UE has a MAC SDU to be transmitted that is less smaller 128 bytes,1
UE has a MAC SDU to be transmitted that is larger than 128 bytes,1
UE inserts a R/R/E/LCID field in the MAC header and there is a subsequent R/R/E/LCID field to be inserted,1
UE inserts a R/R/E/LCID field in the MAC header and a MAC SDU or a MAC control element starts at the next byte,1
UE inserts the last MAC sub-header in the MAC PDU,1
UE inserts padding at the end of a MAC PDU,1
UE receives an UL Grant with toggled NDI and has data available for transmission,1
UE receives a NACK and no uplink grant is included for the next TTI corresponding to the bundled HARQ process,1
"UE receives an uplink grant on PDCCH for the next TTI corresponding to the HARQ process with old NDI, irrespective of ACK/NACK is received for previous (re)transmission",1
UE receives an ACK and no uplink grant is included for the next TTI corresponding to the HARQ process,1
periodicPHR-Timer is configured in RRCConnectionReconfiguration procedure,1
periodicPHR-Timer expires and UL resources allocated for new transmission,1
power headroom reporting is disabled,1
the DL Pathloss has changed more than dl-PathlossChange dB and prohibitPHR-Timer is running,1
prohibitPHR-Timer expires and power headroom report is triggered due to DL Pathloss change,1
UL data arrives in the UE transmission buffer,1
UE receives an Activation MAC Control Element activating the SCell,1
the DL Pathloss changes and prohibitPHR-Timer is running,1
prohibitPHR-Timer expires and extended power headroom report is triggered due to DL Pathloss change,1
UL data arrives in the UE transmission buffer and UE is scheduled to transmit on both PCell and SCell in a TTI,1
UE transmits a MAC PDU and the number of padding bits is equal to or larger than the size of a Long BSR plus its subheader,1
periodicBSR-Timer expires and UE is scheduled to transmit on both PCell and SCell in a TTI,1
periodicPHR-Timer is configured in RRCConnectionReconfiguration procedure,1
periodicPHR-Timer expires and UL resources allocated for new transmission,1
Extended power headroom reporting is disabled,1
"UE receives one uplink grant (DCI format 4) with toggled NDI and two transport blocks enabled, and has data available for transmission",1
UE receives NACKs for two HARQ processes and no uplink grant is included for the next TTI corresponding to the two HARQ processes,1
UE receives NACK for one of the HARQ process and ACK for another HARQ process and no uplink grant is included for the next TTI corresponding to the HARQ processes,1
"UE receives an uplink grant on PDCCH for the next TTI corresponding to the two HARQ processes with old NDI [not toggled] for one HARQ process and with toggled NDI for another HARQ process, irrespective of ACK/NACK is received for previous (re)transmission",1
UE receives ACKs and no uplink grant is included for the next TTI corresponding to the two HARQ processes,1
UE receives an UL Grant with toggled NDI and has data available for transmission,1
UE receives a NACK and no uplink grant is included for the next TTI corresponding to the bundled HARQ process,1
"UE receives an uplink grant on PDCCH for the next TTI corresponding to the HARQ process with old NDI, irrespective of ACK/NACK is received for previous (re)transmission",1
UE receives an ACK and no uplink grant is included for the next TTI corresponding to the HARQ process,1
UE receives an UL Grant with toggled NDI indicating a resource block assignment correspondent to a physical resource block number  of more than 3 and a modulation and coding scheme index  of no less than 11 and has data available for transmission,1
UE receives a NACK and no uplink grant is included for the next TTI corresponding to the bundled HARQ process,1
"UE receives an uplink grant on PDCCH for the next TTI corresponding to the HARQ process with old NDI, irrespective of ACK/NACK is received for previous (re)transmission",1
UE receives an ACK and no uplink grant is included for the next TTI corresponding to the HARQ process,1
"UE receives an UL Grant on MPDCCH corresponding to the HARQ process x, with toggled NDI and has data available for transmission",1
"UE receives an UL Grant on MPDCCH corresponding to the HARQ process x, with non toggled NDI",1
"UE receives an UL Grant for HARQ process x, with toggled NDI and has data available for transmission",1
UE detects a PDCCH UL Grant or PHICH NACK transmission in subframe n on FDD PCell for previous PUSCH transmission,1
UE detects a PDCCH UL Grant or PHICH NACK transmission in subframe m on TDD SCell for previous PUSCH transmission,1
UE detects a PDCCH UL Grant or PHICH NACK transmission in subframe m on FDD SCell,1
UE detects a PDCCH UL Grant or PHICH NACK transmission in subframe n on TDD PCell,1
a BSR is triggered,1
a BSR is triggered,1
PSCell is added with a SCG bearer,1
DL Pathloss change is triggered while prohibitPHR-Timer is running,1
the prohibitPHR-Timer has expired and DL Pathloss change is triggered,1
PSCell is added with a Split bearer,1
DL Pathloss change is triggered while prohibitPHR-Timer is running,1
the prohibitPHR-Timer has expired and DL Pathloss change is triggered,1
{ UE detects a valid PDCCH UL Grant or PHICH NACK transmission in subframe m for previous PUSCH transmission,1
UE detects a valid PDCCH UL Grant or PHICH NACK transmission for previous PUSCH transmission,1
{ UE detects a valid PDCCH UL Grant or PHICH NACK transmission in subframe m for previous PUSCH transmission,1
UE detects a valid PDCCH UL Grant or PHICH NACK transmission for previous PUSCH transmission,1
PUCCH of PCell and SCell are both configured and UE has UL data available for transmission and UE has no UL-SCH resources available and SR_COUNTER is less than dsr-TransMax,1
UE receives an UL grant for a new transmission,1
periodicPHR-Timer is configured in RRCConnectionReconfiguration procedure,1
periodicPHR-Timer expires and UL resources allocated for new transmission,1
extendedPHR2 is released,1
valid subframes for FDD downlink or TDD transmissions is signalled in SIB1-BR in IE fdd-DownlinkOrTddSubframeBitmapBR-r13 as 10 bit subframe pattern and,1
valid subframes for FDD downlink or TDD transmissions is signalled in SIB1-BR in IE fdd-DownlinkOrTddSubframeBitmapBR-r13 as 40 bit subframe pattern and,1
valid subframes for FDD uplink transmissions is signalled in SIB1-BR in IE  fdd-UplinkSubframeBitmapBR-r13,1
"UE receives for a TTI an uplink grant with Hopping flag set as 1, NUL_hop bits indicating Type 1 PUSCH Hopping",1
"UE receives for a TTI an uplink grant with 'Hopping flag' set as 1, 'NUL_hop' bits all set to 1(Type 2 predefined hopping)",1
"UE receives for a TTI an uplink grant with Hopping flag set as 1, NUL_hop bits all set to 1(Type 2 predefined hopping)",1
UE has to make a non adaptive retransmission),1
"UE receives for a TTI an uplink grant with Hopping flag set as 1, NUL_hop bits are all set to 1(Type 2 predefined hopping)",1
Long DRX cycle is configured and [(SFN * 10) + subframe number] modulo (LongDRX-Cycle) = drxStartOffset,1
Long DRX cycle is configured and a new DL transmission is indicated on the PDCCH during Active Time,1
Long DRX cycle is configured and if a HARQ RTT Timer expires in this subframe and the data in the soft buffer of the corresponding HARQ process was not successfully decoded,1
Long DRX cycle is configured and an uplink grant for a pending HARQ retransmission can occur in this subframe,1
Long DRX cycle is configured and if a UL HARQ RTT Timer expires in this subframe,1
long DRX cycle is configured and a DRX Command MAC control element is received,1
long DRX cycle is configured and the HARQ RTT Timer is running and a DRX Command MAC control element is received,1
long DRX cycle is configured and the drx-RetransmissionTimer is running and a DRX Command MAC control element is received,1
Short DRX cycle is configured and [(SFN * 10) + subframe number] modulo (ShortDRX-Cycle) = drxStartOffset modulo (ShortDRX-Cycle),1
drxShortCycleTimer is expired and [(SFN * 10) + subframe number] modulo (LongDRX-Cycle) = drxStartOffset,1
Short DRX cycle is configured and a DRX Command MAC control element is received,1
Short DRX cycle is configured and the HARQ RTT Timer is running and a DRX Command MAC control element is received,1
Short DRX cycle is configured and the drx-RetransmissionTimer is running and a DRX Command MAC control element is received,1
Long eDRX cycle is configured and [(SFN * 10) + subframe number] modulo (LongDRX-Cycle) = drxStartOffset,1
Long eDRX cycle is configured and a new DL transmission is indicated on the PDCCH during Active Time,1
Long eDRX cycle is configured and if a HARQ RTT Timer expires in this subframe and the data in the soft buffer of the corresponding HARQ process was not successfully decoded,1
Long eDRX cycle is configured and an uplink grant for a pending HARQ retransmission can occur in this subframe,1
"UE on PDCCH receives DCI format 1 indicating Resource Allocation Type 0, a resource block assignment correspondent to  physical resource blocks and a modulation and coding scheme",1
"UE on PDCCH receives DCI format 1 indicating Resource Allocation Type 1, a resource block assignment correspondent to  physical resource blocks and a modulation and coding scheme",1
"UE on PDCCH receives DCI format 1A indicating Resource Allocation Type 2 with Localized VRB, a resource block assignment correspondent to  physical resource blocks and a modulation and coding scheme",1
"UE on PDCCH receives DCI format 1A indicating Resource Allocation Type 2 with Distributed VRB, a resource block assignment correspondent to  physical resource blocks and a modulation and coding scheme",1
"UE has two transport blocks enabled and on PDCCH receives DCI format 2A indicating Resource Allocation Type 0, a resource block assignment correspondent to  physical resource blocks, the Transport block to codeword swap flag value set to 0 and a modulation and coding scheme for two transport blocks",1
"UE has two transport blocks enabled and on PDCCH receives DCI format 2A indicating Resource Allocation Type 1, a resource block assignment correspondent to  physical resource blocks, the Transport block to codeword swap flag value set to 1 and a modulation and coding scheme for two transport blocks",1
"UE has two transport blocks enabled and on PDCCH receives DCI format 2A indicating Resource Allocation Type 0, a resource block assignment correspondent to  physical resource blocks, the Transport block to codeword swap flag value set to 0, the Precoding information set to 1 for 3 Layers spatial multiplexing and a modulation and coding scheme for two transport blocks",1
"UE has two transport blocks enabled and on PDCCH receives DCI format 2A indicating Resource Allocation Type 1, a resource block assignment correspondent to  physical resource blocks, the Transport block to codeword swap flag value set to 1, the Precoding information set to 2 for 4 Layers spatial multiplexing and a modulation and coding scheme for two transport blocks",1
"UE on PDCCH receives DCI format 1 indicating Resource Allocation Type 0, a resource block assignment correspondent to  physical resource blocks and a modulation and coding scheme",1
"UE on PDCCH receives DCI format 1 indicating Resource Allocation Type 1, a resource block assignment correspondent to  physical resource blocks and a modulation and coding scheme",1
"UE on PDCCH receives DCI format 1B indicating Resource Allocation Type 2 and Localized virtual resource blocks, a resource block assignment correspondent to  physical resource blocks and a modulation and coding scheme",1
"UE on PDCCH receives DCI format 1B indicating Resource Allocation Type 2 and Distributed virtual resource blocks, a resource block assignment correspondent to  physical resource blocks and a modulation and coding scheme",1
"UE has two transport blocks enabled and on PDCCH receives DCI format 2A indicating Resource Allocation Type 0, a resource block assignment correspondent to  physical resource blocks, the Transport block to codeword swap flag value set to 0 and a modulation and coding scheme  for two transport blocks",1
"UE has two transport blocks enabled and on PDCCH receives DCI format 2A indicating Resource Allocation Type 1, a resource block assignment correspondent to  physical resource blocks, the Transport block to codeword swap flag value set to 1 and a modulation and coding scheme  for two transport blocks",1
"UE has two transport blocks enabled and on PDCCH receives DCI format 2A indicating Resource Allocation Type 0, a resource block assignment correspondent to  physical resource blocks, the Transport block to codeword swap flag value set to 0, the Precoding information set to 1 for 3 Layers spatial multiplexing and a modulation and coding scheme  for two transport blocks",1
"UE has two transport blocks enabled and on PDCCH receives DCI format 2A indicating Resource Allocation Type 1, a resource block assignment correspondent to  physical resource blocks, the Transport block to codeword swap flag value set to 1, the Precoding information set to 2 for 4 Layers spatial multiplexing and a modulation and coding scheme  for two transport blocks",1
UE on MPDCCH receives DCI format 6-1A Resource Allocation Type 2 with Localized VRB indicating a resource block assignment correspondent to  physical resource blocks and a modulation and coding scheme,1
UE on MPDCCH receives DCI format 6-1B indicating a resource block assignment correspondent to  physical resource blocks and a modulation and coding scheme,1
UE has pending data for transmission and receives a Resource Block Assignment correspondent to  physical resource blocks and a modulation and coding scheme  for PUSCH scheduling,1
UE has pending data for transmission and receives a Resource Block Assignment correspondent to  physical resource blocks and a modulation and coding scheme  for PUSCH scheduling,1
UE has pending data for transmission and receives a Resource Block Assignment correspondent to  physical resource blocks and a modulation and coding scheme  for PUSCH scheduling,1
UE only supports 1 layer for spatial multiplexing in DL is configured to transmission mode 3,1
UE only supports 1 layer for spatial multiplexing in DL is configured to transmission mode 4,1
the UE receives an Activation MAC Control Element activating the Scell,1
the UE receives an UL grant on Scell PDCCH,1
the UE sCellDeactivationTimer expires,1
the UE receives a deactivation MAC Control Element deactivating the Scell,1
the UE receives a DL assignment on Scell PDCCH,1
UE has UL data available for transmission and UE has no UL-SCH resources available and SR_COUNTER is less than dsr-TransMax,1
UE has UL data available for transmission,1
LAA Scell transmits in PDCCH with DCI format 1C scrambled with CC-RNTI,1
UE discards the MAC PDU,2
UE forwards to upper layers the disassembled and demultiplexed SDU on logical channel CCCH,2
UE responds with a RRCConnectionRequest message in a MAC PDU on UL SCH on CCCH indicating LCID 01011,2
UE shall not forward the disassembled and demultiplexed SDU on the configured logical channels,2
UE shall forward the disassembled and demultiplexed SDU on the corresponding logical channel,2
UE sends a prach preamble given in the RACH-ConfigDedicated on the target cell,2
UE sends a prach preamble given in the RACH-ConfigDedicated on the target cell which is identified in high speed train area,2
UE sends a prach preamble given in the PDCCH Order,2
UE retransmits the Preamble given in the PDCCH Order,2
UE transmits a random access preamble using a preamble in  group A of random access preambles indicated in SIB2,2
UE transmits a random access preamble using a preamble in the same group of random access preambles as used for the first transmission of Msg3,2
UE transmits a random access preamble using a preamble in the same group of random access preambles as used for the first transmission of Msg3,2
UE transmits a random access preamble using a preamble in group B of random access preambles indicated in SIB2,2
UE in enhanced coverage transmits correct preamble calculated based on firstPreamble and lastPreamble indicated in SIB2,2
"UE in enhanced coverage transmits a preamble with the number of repetitions required for preamble transmission corresponding to the selected preamble group using the selected PRACH corresponding to the selected CE level, corresponding RA-RNTI, prach-ConfigIndex and preambleInitialReceivedTargetPower indicated in SIB2",2
UE in enhanced coverage transmits a random access preamble using a preamble contained in Random Access Preamble groups in preambleMappingInfoList as used for the first transmission of Msg3,2
UE in enhanced coverage transmits a random access preamble using a preamble calculated based on firstPreamble and lastPreamble corresponding to the next enhanced coverage level indicated in SIB2,2
UE transmits a random access preamble using a preamble in  group A of random access preambles indicated in SIB2,2
UE transmits a random access preamble using a preamble in the same group of random access preambles as used for the first transmission of Msg3,2
UE transmits a random access preamble using a preamble in the same group of random access preambles as used for the first transmission of Msg3,2
UE transmits a random access preamble using a preamble in group B of random access preambles indicated in SIB2,2
UE transmits a random access preamble in the next available Random Access occasion,2
UE retransmits a PRACH preamble,2
UE select available PRACH resource to retransmits a PRACH preamble according to the timing requirement,2
UE transmits a random access preamble in the next available Random Access occasion,2
UE transmits MAC PDU containing RRCConnectionRequest,2
the UE applies the received Timing Advance value in the next transmitted MAC PDU,2
"UE does not send any Random Access Preamble, but Scheduling Requests to request transmission of data while timeAlignmentTimer is running",2
UE triggers a RA Procedure,2
UE re-transmits RRCConnectionRequest,2
UE re-transmits RRCConnectionRequest,2
UE re-transmits RRCConnectionRequest,2
UE transmits an RRCConnectionSetupComplete message,2
The UE retransmits the RRCConnectionReconfigrationComplete message,2
The UE does not retransmit the RRCConnectionReconfigrationComplete message,2
UE triggers RA preamble after a random time between 0 and the indicated Backoff parameter,2
UE stores Backoff Indicator and sends a RRC connection request in the first scheduled UL transmission,2
UE triggers RA preamble after random time between 0 and the UE stored Backoff parameter,2
UE sends the Random Access Preamble given in the PDCCH Order on the activated SCell,2
UE sends the SR/ack/nack on PUCCH and data on the PUSCH of PCell in parallel with the Preamble transmission on the activated SCell,2
UE retransmits the Preamble given in the PDCCH Order on the activated SCell,2
UE receives the Random Access Response on the PCell,2
UE transmits the data on the SCell,2
UE applies the received Timing Advance value in the next transmitted MAC PDU on the SCell and starts the timeAlignmentTimerSTAG for this sTAG to which the SCell belongs,2
UE applies the received Timing Advance value for the next transmission of data and restarts the timeAlignmentTimerSTAG for this sTAG to which the SCell belongs,2
UE releases the SRS,2
"UE considers all timeAlignmentTimers, including the one for sTAG, as expired, triggers a RA Procedure on the PCell and releases SRS",2
UE applies the received Timing Advance value in the next transmitted MAC PDU on the SCell by using NTAoffset = 624,2
UE applies the received Timing Advance value in the next transmitted MAC PDU on the SCell by using NTAoffset = 624,2
UE sends a HARQ feedback on the HARQ process,2
UE does not send any HARQ feedback on the HARQ process,2
UE starts receiving DL MAC PDU in SF-Nums y+n*[semiPersistSchedIntervalDL] where n is positive integer starting at zero,2
UE starts receiving DL MAC PDU in SF-Nums p+n*[semiPersistSchedIntervalDL] and stops receiving DL MAC PDU at SF-Nums y+n*[semiPersistSchedIntervalDL]where n is positive integer starting at zero,2
UE receives MAC PDU in SF-Num z as per the new grant for SPS-CRNTI,2
UE receives MAC PDU in SF-Num p as per assignment addressed to its C-RNTI,2
UE deletes the stored sps-Configuration DL parameters and stops receiving DL MAC PDUs as per stored SPS assignment in SF-Num z+n*[semiPersistSchedIntervalDL],2
UE sends an ACK to SS and releases the configured SPS assignment and stops receiving MAC PDU in SF-Num z+n*[semiPersistSchedIntervalDL] as per assignment addressed to its SPS C-RNTI,2
UE successfully decodes the MAC PDU and forward to higher layer,2
UE successfully decodes the MAC PDU and forward to higher layer,2
UE successfully decodes the MAC PDU and forward to higher layer,2
UE successfully decodes the MAC PDU and forwards the AMD PDUs to higher layer,2
UE successfully decodes the MAC PDU and forward to higher layer,2
UE successfully decodes the MAC PDU and forward to higher layer,2
UE successfully decodes the MAC PDU and forwards the AMD PDUs to higher layer,2
the UE transmits a NACK for the corresponding HARQ process,2
the UE transmits an ACK for the corresponding HARQ process and delivers data to upper layers,2
the UE transmits a NACK for the entire bundle as feedback of the corresponding HARQ process,2
the UE transmits an ACK for the entire bundle as feedback of the corresponding HARQ process and delivers data to upper layers,2
UE does not transmit ACK/NACK for the corresponding HARQ process,2
UE does not transmit an ACK/NACK for the corresponding HARQ process,2
UE does not transmits a NACK for the corresponding HARQ,2
UE transmits an ACK for the corresponding HARQ process and delivers data to upper layers,2
UE does not transmit ACK/NACK for the entire bundle as feedback of the corresponding HARQ process,2
UE does not transmit an ACK/NACK for the entire bundle as feedback of the corresponding HARQ process,2
UE does not transmits a NACK for the entire bundle as feedback of the corresponding HARQ,2
UE transmits an ACK for the corresponding HARQ process and delivers data to upper layers,2
UE does not send any ACK/NACK for the corresponding dedicated HARQ process,2
UE acknowledges reception of the RLC PDUs,2
UE acknowledges reception of the RLC PDUs,2
UE acknowledges reception of the RLC PDU using the new Timing Advance,2
UE flushes DL HARQ buffer,2
UE considers the next transmission for each DL HARQ process as very first,2
the UE transmits a NACK for the corresponding HARQ process within HARQ entity,2
the UE transmits an ACK for the corresponding HARQ process within HARQ entity and delivers data to upper layers,2
the UE transmits a NACK in SF-Num x+4 for the corresponding FDD PCell HARQ process within HARQ entity,2
the UE transmits an ACK in SF-Num x+4 for the corresponding HARQ process of FDD PCell within HARQ entity and delivers data to upper layers,2
the UE transmits a NACK in SF-Num y+4 for the HARQ process of TDD SCell by following FDD PCell timing,2
the UE transmits an ACK in SF-Num y+4 for the HARQ process of TDD SCell by following FDD PCell timing,2
the UE transmits a NACK in SF-Num i by setting  as defined in Table 10.1.3.1-1 in TS 36.213 for the corresponding TDD PCell HARQ process within HARQ entity,2
the UE transmits an ACK in SF-Num j by setting  as defined in Table 10.1.3.1-1 in TS 36.213 for the corresponding HARQ process of TDD PCell within HARQ entity and delivers data to upper layers,2
the UE transmits a NACK in SF-Num x by setting  as defined in Table 10.1.3A-1 in TS 36.213 for the HARQ process of FDD SCell,2
the UE transmits an ACK in SF-Num y by setting  as defined in Table 10.1.3A-1 in TS 36.213 for the HARQ process of FDD SCell,2
UE sends ACK to the network after successfully receive and decode the data,2
UE sends ACK to the network after successfully receive and decode the data,2
UE sends ACK to the network after UE successfully receives and decodes the data,2
UE sends ACK to the network after UE successfully receives and decodes the data,2
UE sends a HARQ feedback on the HARQ process,2
UE does not send any HARQ feedback on the HARQ process,2
UE sends a HARQ feedback on the HARQ process,2
UE does not send any HARQ feedback on the HARQ process,2
UE starts receiving DL MAC PDU in SF-Nums y+n*[semiPersistSchedIntervalDL] where n is positive integer starting at zero,2
UE starts receiving DL MAC PDU in SF-Nums p+n*[semiPersistSchedIntervalDL] and stops receiving DL MAC PDU at SF-Nums y+n*[semiPersistSchedIntervalDL]where n is positive integer starting at zero,2
UE receives MAC PDU in SF-Num z as per the new grant for SPS-CRNTI,2
UE receives MAC PDU in SF-Num p as per assignment addressed to its C-RNTI,2
UE deletes the stored sps-Configuration DL parameters and stops receiving DL MAC PDUs as per stored SPS assignment in SF-Num z+n*[semiPersistSchedIntervalDL],2
UE sends an ACK to SS and releases the configured SPS assignment and stops receiving MAC PDU in SF-Num z+n*[semiPersistSchedIntervalDL] as per assignment addressed to its SPS C-RNTI,2
UE starts receiving DL MAC PDU in SF-Nums y+n*[semiPersistSchedIntervalDL] where n is positive integer starting at zero,2
UE starts receiving DL MAC PDU in SF-Nums p+n*[semiPersistSchedIntervalDL] and stops receiving DL MAC PDU at SF-Nums y+n*[semiPersistSchedIntervalDL]where n is positive integer starting at zero,2
UE receives MAC PDU in SF-Num z as per the new grant for SPS-CRNTI,2
UE receives MAC PDU in SF-Num p as per assignment addressed to its C-RNTI,2
UE deletes the stored sps-Configuration DL parameters and stops receiving DL MAC PDUs as per stored SPS assignment in SF-Num z+n*[semiPersistSchedIntervalDL],2
UE sends an ACK to SS and releases the configured SPS assignment and stops receiving MAC PDU in SF-Num z+n*[semiPersistSchedIntervalDL] as per assignment addressed to its SPS C-RNTI,2
UE sends a HARQ feedback on the HARQ process according to eIMTA-UL/DL-configuration,2
UE sends a HARQ feedback on the HARQ process according to UL/DL-configuration signalled in subframeAssignment,2
UE sends a HARQ feedback on the HARQ process according to eIMTA-UL/DL-configuration,2
UE sends a HARQ feedback on the HARQ process according to UL/DL-configuration signalled in subframeAssignment,2
UE transmits data and associated HARQ information to the HARQ entity for this TTI,2
UE starts transmitting UL MAC PDU in SF-Num F1,2
UE starts transmitting UL MAC PDU in SF-Num F2 and stops transmitting UL MAC PDU at SF-Num F1,2
UE re-transmits MAC PDU in SF-Num z+4(FDD) or z+k(z)(TDD) as per the new grant for SPS-CRNTI,2
UE transmits MAC PDU in SF-Num p+4(FDD) or p+k(p)(TDD) as per grant addressed to its C-RNTI,2
UE deletes the stored sps-Configuration UL parameters and stops transmitting UL MAC PDUs as per stored SPS grant in SF-Num F3,2
UE clears configured SPS grant,2
UE releases the configured SPS grant and stops transmitting UL MAC PDU in SF-Num F3 as per grant addressed to its SPS C-RNTI,2
UE serves the logical channels according to their priority and configured PBR,2
the UE transmits a SR on every available PUCCH until resources are granted,2
UE cancels all pending SR(s),2
the UE initiates the random access procedure,2
the UE transmits a PRACH Preamble to initiate a Random Access procedure,2
UE Reports a Long Buffer Status Reporting (BSR),2
UE Reports a Short Buffer Status Reporting (BSR),2
UE Reports a Short Buffer Status Reporting (BSR),2
UE triggers a regular BSR and Reports a Short Buffer Status Reporting ( BSR),2
UE transmits the BSR report,2
UE transmits a scheduling request,2
UE cancels the triggered BSR report and transmits the UL data,2
UE transmits the UL data and reports buffer status reporting (BSR) that indicates there is no more data in the buffer,2
UE reports a Truncated BSR of the LCG with the highest priority logical channel with data available for transmission,2
UE reports a Short BSR,2
UE reports a long BSR,2
UE reports a Periodic BSR,2
UE triggers a Periodic BSR and reports Long BSR,2
UE triggers a Periodic BSR and reports Short BSR and restarts the periodicBSR-Timer,2
Padding goes to the end of the MAC PDU,2
UE is inserting padding MAC PDU subheader before any other MAC PDU sub-header,2
UE is inserting two padding MAC PDU subheaders before any other MAC PDU sub-header or one padding MAC PDU subheader as a last MAC PDU subheader,2
UE is inserting a padding MAC PDU subheader before any other MAC PDU sub-header,2
UE is inserting two padding MAC PDU subheaders before any other MAC PDU sub-header or one padding MAC PDU subheader as a last MAC PDU subheader and one byte padding at the end of the MAC PD,2
UE transmits a new MAC PDU using redundancy version 0,2
"UE performs non-adaptive retransmission of the MAC PDU with redundancy version toggled by one of the last (re)transmission [0,2,3,1 order]",2
UE performs an adaptive retransmission of the MAC PDU with redundancy version as received on PDCCH,2
UE does not retransmit the MAC PDU,2
UE does not retransmit the MAC PDU  but transmit a MAC Padding PDU,2
UE transmits any MAC Padding PDU,2
UE does not transmit any MAC PDU,2
UE cancels Scheduling Request procedure,2
UE flushes UL HARQ buffer,2
UE Considers the next transmission for each UL HARQ process as very first,2
UE continues Scheduling Request procedure,2
UE flushes UL HARQ buffer,2
UE Considers the next transmission for each UL HARQ process as very first,2
UE sets F field to 0,2
UE sets F field to 1,2
UE sets E field to 1,2
UE sets E field to 0,2
UE inserts a MAC sub-header consist solely of the four header fields R/R/E/LCID,2
UE inserts the last MAC sub-header as a padding MAC subheader consisting solely of the four header fields R/R/E/LCID with LCID set to Padding,2
UE transmits a new MAC PDU and non-adaptive retransmissions for 3 additional consecutive UL subframes,2
UE performs non-adaptive retransmissions of the MAC PDU for 4 consecutive UL subframes,2
UE performs an adaptive retransmission of the MAC PDU with redundancy version as received on PDCCH in first UL subframe and non-adaptive retransmissions in 3 additional consecutive UL subframes,2
UE does not retransmit the TTI Bundle,2
UE transmits a MAC PDU containing Power Headroom MAC Control Element,2
UE transmits a MAC PDU containing Power Headroom MAC Control Element,2
UE stops transmitting Power Headroom MAC Control Element,2
UE does not transmit a MAC PDU containing Power Headroom MAC Control Element,2
UE transmits a MAC PDU containing Power Headroom MAC Control Element,2
UE transmits a MAC PDU containing 'Buffer Status Report' MAC control element with Extended Buffer size,2
UE transmits a MAC PDU containing Extended Power Headroom MAC Control Element,2
UE does not transmit a MAC PDU containing Extended Power Headroom MAC Control Element,2
UE transmits a MAC PDU containing Extended Power Headroom MAC Control Element,2
"UE transmits two MAC PDUs in a TTI, and one of the MAC PDU includes a Regular BSR, another MAC PDU includes a padding BSR",2
UE reports a long BSR,2
"UE transmits two MAC PDUs in a TTI, and one of the MAC PDU includes a Periodic BSR, another MAC PDU includes a padding BSR",2
UE transmits a MAC PDU containing Extended Power Headroom MAC Control Element,2
UE transmits a MAC PDU containing Extended Power Headroom MAC Control Element,2
UE stops transmitting Extended Power Headroom MAC Control Element,2
UE transmits two new MAC PDUs both using redundancy version 0 for two HARQ processes in a TTI,2
"UE performs non-adaptive retransmission of the two MAC PDUs with redundancy version toggled by one of the last (re)transmission [0,2,3,1 order]",2
"UE performs non-adaptive retransmission of the MAC PDU with redundancy version toggled by one of the last (re)transmission [0,2,3,1 order] for the HARQ process that receives NACK and does not retransmit any MAC PDUs for another HARQ process that receives ACK",2
UE performs an adaptive retransmission of the MAC PDU with redundancy version as received on PDCCH for HARQ process with old NDI and transmits a new MAC PDU for HARQ process with new NDI,2
UE does not retransmit any MAC PDUs for the two HARQ processes,2
UE transmits a new MAC PDU and non-adaptive retransmissions for 3 additional consecutive UL subframes,2
UE performs non-adaptive retransmissions of the MAC PDU for 4 consecutive UL subframes,2
UE performs an adaptive retransmission of the MAC PDU with redundancy version as received on PDCCH in first UL subframe and non-adaptive retransmissions in 3 additional consecutive UL subframes,2
UE does not retransmit the TTI Bundle,2
UE transmits a new MAC PDU on PUSCH on the granted resources using a transport block size correspondent to the read  and  and non-adaptive retransmissions for 3 additional consecutive UL subframes,2
UE performs non-adaptive retransmissions of the MAC PDU for 4 consecutive UL subframes,2
UE performs an adaptive retransmission of the MAC PDU with redundancy version as received on PDCCH in first UL subframe and non-adaptive retransmissions in 3 additional consecutive UL subframes,2
UE does not retransmit the TTI Bundle,2
UE transmits a new MAC PDU and non-adaptive retransmissions for repetition number -1additional consecutive UL subframes,2
UE performs adaptive retransmission of a MAC PDU with redundancy version as received on MPDCCH on first UL subframe and non-adaptive retransmissions for repetition number -1 additional consecutive UL subframes,2
"UE transmits a new MAC PDU and adaptive retransmissions for repetition number -1additional consecutive UL subframes and changes redundancy version every Nacc =4FDD/5TDD subframes as 0,1,2,3,0,1,2,3",2
UE shall adjust the corresponding PUSCH transmission for the FDD PCell in subframe n+4,2
"UE shall adjust the corresponding PUSCH transmission in subframe m+k for the TDD SCell, with k given in Table 8-2 of TS 36.213",2
UE shall adjust the corresponding PUSCH transmission in subframe m+4 for the FDD SCell,2
UE shall adjust the corresponding PUSCH transmission for the TDD PCell in subframe n+k with k given in Table 8-2 of TS 36.213,2
UE transmits a BSR indicating the data available for transmission to the MAC entity configured for SCG only,2
UE transmits a BSR indicating the data available for transmission to the MAC entity configured for MCG only,2
UE transmits a Dual Connectivity Power Headroom Report for the PCell and PSCell,2
the UE does not transmit any UE Power Headroom Report,2
UE transmits a Dual Connectivity Power Headroom Report,2
UE transmits a Dual Connectivity Power Headroom Report for the PCell and PSCell,2
the UE does not transmit any UE Power Headroom Report,2
UE transmits a Dual Connectivity Power Headroom Report,2
UE adjusts the corresponding PUSCH transmission according to eIMTA-UL/DL-configuration,2
E adjusts the corresponding PUSCH transmission according to UL/DL-configuration signalled in subframeAssignment,2
UE adjusts the corresponding PUSCH transmission according to eIMTA-UL/DL-configuration,2
UE adjusts the corresponding PUSCH transmission according to UL/DL-configuration signalled in subframeAssignment,2
the UE transmits SR on every available PUCCH of PCell and SCell until resources are granted,2
UE cancels all pending SR(s),2
UE transmits a MAC PDU containing Extended PHR MAC Control Element supporting PUCCH on SCell,2
UE transmits a MAC PDU containing Extended PHR MAC Control Element supporting PUCCH on SCell,2
UE stops transmitting Extended PHR MAC Control Element supporting PUCCH on SCell,2
UE performs reception in the valid subframes,2
UE performs reception in the valid subframes,2
UE transmits in valid uplink subframes,2
UE transmits UL data on resource blocks as per type 1 PUSCH hopping,2
"UE transmits data with predefined, intra-TTI PUSCH hopping",2
"UE transmits data with predefined, inter-TTI PUSCH hopping",2
"UE transmits data with predefined, inter-TTI PUSCH hopping",2
"UE transmits data with predefined, inter-TTI PUSCH hopping",2
UE starts the OnDurationTimer and monitors the PDCCH for OnDurationTimer PDCCH-subframes,2
UE starts or restarts the Drx-InactivityTimer and monitors the PDCCH for Drx-InactivityTimer PDCCH sub-frames starting from the next PDCCH sub-frame of the PDCCH sub-frame where the DL new transmission was indicated,2
UE starts the drx-RetransmissionTimer for the corresponding HARQ process and monitors the PDCCH for drx-RetransmissionTimer consecutive PDCCH-subframes,2
UE monitors the PDCCH in this subframe,2
UE starts the drx-ULRetransmissionTimer for the corresponding HARQ process and monitors the PDCCH for drx-ULRetransmissionTimer consecutive MPDCCH-subframes,2
UE successfully decodes the MAC control PDU,2
UE continues running the HARQ RTT timer,2
UE continues running the drx-RetransmissionTimer and monitors the PDCCH,2
UE starts the OnDurationTimer and monitors the PDCCH for OnDurationTimer PDCCH-subframes,2
UE starts the OnDurationTimer and monitors the PDCCH for OnDurationTimer PDCCH-subframes,2
UE successfully decodes the MAC control PDU,2
UE continues running the HARQ RTT timer,2
UE continues running the drx-RetransmissionTimer and monitors the PDCCH,2
UE starts the OnDurationTimer and monitors the PDCCH for OnDurationTimer PDCCH-subframes,2
UE starts or restarts the Drx-InactivityTimer and monitors the PDCCH for Drx-InactivityTimer PDCCH sub-frames starting from the next PDCCH sub-frame of the PDCCH sub-frame where the DL new transmission was indicated,2
UE starts the drx-RetransmissionTimer for the corresponding HARQ process and monitors the PDCCH for drx-RetransmissionTimer consecutive PDCCH-subframes,2
UE monitors the PDCCH in this subframe,2
UE decodes the received transport block of size correspondent to the read  and  and forwards it to higher layers,2
UE decodes the received transport block of size correspondent to the read  and  and forwards it to higher layers,2
UE decodes the received transport block of size correspondent to the read  and  and forwards it to higher layers,2
UE decodes the received transport block of size correspondent to the read  and  and forwards it to higher layers,2
UE decodes the received transport blocks of sizes correspondent to the read  and for transport block 1 and for transport block 2 and forwards it to higher layers,2
UE decodes the two transport blocks of sizes correspondent to the read  and for transport block 1 and for transport block 2 and forwards it to higher layers,2
UE decodes the received transport blocks of sizes correspondent to the read  and for transport block 1 and for transport block 2 and forwards it to higher layers,2
UE decodes the received transport blocks of sizes correspondent to the read  and for transport block 1 and for transport block 2 and forwards it to higher layers,2
UE decodes the received transport block of size correspondent to the read  and  and forwards it to higher layers,2
UE decodes the received transport block of size correspondent to the read  and  and forwards it to higher layers,2
UE decodes the received transport block of size correspondent to the read  and  and forwards it to higher layers,2
UE decodes the received transport block of size correspondent to the read  and  and forwards it to higher layers,2
UE decodes the received transport block of size correspondent to the read  and  for transport block 1 and   for transport block 2 and forwards it to higher layers,2
UE decodes the received transport block of size correspondent to the read  and  for transport block 1 and for transport block 2 and forwards it to higher layers,2
UE decodes the received transport block of size correspondent to the read  and  for transport block 1 and for transport block 2 and forwards it to higher layers,2
UE decodes the received transport block of size correspondent to the read  and  for transport block 1 and for transport block 2 and forwards it to higher layers,2
UE decodes the received transport block of size correspondent to the read  and  and forwards it to higher layers,2
UE decodes the received transport block of size correspondent to the read  and  and forwards it to higher layers,2
UE transmits MAC PDU on PUSCH on the granted resources using a transport block size correspondent to the read  and,2
UE transmits MAC PDU on PUSCH on the granted resources using DCI format 6-0A and a transport block size correspondent to the read  and,2
UE transmits MAC PDU on PUSCH on the granted resources using DCI format 6-0B and a transport block size correspondent to the read  and,2
UE always reports RI equals to 1,2
UE always reports RI equals to 1,2
the UE starts monitoring PDCCH on activated Scell,2
the UE restarts the sCellDeactivationTimer,2
the UE deactivates the Scell and stops monitoring PDCCH on Scell,2
the UE deactivates the Scell and stops monitoring PDCCH on Scell,2
the UE restarts the sCellDeactivationTimer,2
the UE transmits an SR on every available PUCCH until resources are granted,2
UE transmits the data to the network on PUSCH with DMRS generated by using nPUSCH-Identity-r11,2
UE receives it and determines subframe configuration for LAA based on 4 bits,2
